[{"model": "admin.logentry", "pk": 4, "fields": {"action_time": "2023-06-19T17:18:39.807Z", "user": 3, "content_type": 6, "object_id": "5", "object_repr": "+996501040301", "action_flag": 1, "change_message": "[{\"added\": {}}]"}}, {"model": "admin.logentry", "pk": 5, "fields": {"action_time": "2023-06-19T17:19:23.351Z", "user": 3, "content_type": 6, "object_id": "6", "object_repr": "+996501040302", "action_flag": 1, "change_message": "[{\"added\": {}}]"}}, {"model": "admin.logentry", "pk": 6, "fields": {"action_time": "2023-06-19T17:30:39.091Z", "user": 3, "content_type": 6, "object_id": "7", "object_repr": "+996501040201", "action_flag": 2, "change_message": "[{\"changed\": {\"fields\": [\"Email\", \"Chat id\", \"Username\"]}}]"}}, {"model": "admin.logentry", "pk": 7, "fields": {"action_time": "2023-06-20T12:30:37.701Z", "user": 3, "content_type": 6, "object_id": "8", "object_repr": "+996501040100", "action_flag": 2, "change_message": "[{\"changed\": {\"fields\": [\"Email\", \"Chat id\", \"Username\"]}}]"}}, {"model": "admin.logentry", "pk": 8, "fields": {"action_time": "2023-06-20T19:36:55.062Z", "user": 3, "content_type": 11, "object_id": "1", "object_repr": "Team object (1)", "action_flag": 1, "change_message": "[{\"added\": {}}]"}}, {"model": "admin.logentry", "pk": 9, "fields": {"action_time": "2023-06-20T19:39:03.293Z", "user": 3, "content_type": 12, "object_id": "1", "object_repr": "HeroTeam object (1)", "action_flag": 1, "change_message": "[{\"added\": {}}]"}}, {"model": "admin.logentry", "pk": 10, "fields": {"action_time": "2023-06-20T19:41:34.103Z", "user": 3, "content_type": 12, "object_id": "1", "object_repr": "Squad1", "action_flag": 2, "change_message": "[]"}}, {"model": "admin.logentry", "pk": 11, "fields": {"action_time": "2023-06-20T19:41:44.527Z", "user": 3, "content_type": 12, "object_id": "2", "object_repr": "Squad1", "action_flag": 1, "change_message": "[{\"added\": {}}]"}}, {"model": "admin.logentry", "pk": 12, "fields": {"action_time": "2023-06-20T21:42:00.561Z", "user": 3, "content_type": 11, "object_id": "2", "object_repr": "Squad2", "action_flag": 1, "change_message": "[{\"added\": {}}]"}}, {"model": "admin.logentry", "pk": 13, "fields": {"action_time": "2023-06-20T21:42:11.071Z", "user": 3, "content_type": 12, "object_id": "3", "object_repr": "Squad2", "action_flag": 1, "change_message": "[{\"added\": {}}]"}}, {"model": "admin.logentry", "pk": 14, "fields": {"action_time": "2023-06-20T21:42:18.960Z", "user": 3, "content_type": 12, "object_id": "4", "object_repr": "Squad2", "action_flag": 1, "change_message": "[{\"added\": {}}]"}}, {"model": "admin.logentry", "pk": 15, "fields": {"action_time": "2023-06-20T21:44:22.759Z", "user": 3, "content_type": 11, "object_id": "2", "object_repr": "Squad2", "action_flag": 2, "change_message": "[{\"changed\": {\"fields\": [\"Amount\", \"Total power\"]}}]"}}, {"model": "admin.logentry", "pk": 16, "fields": {"action_time": "2023-06-20T21:44:42.336Z", "user": 3, "content_type": 11, "object_id": "1", "object_repr": "Squad1", "action_flag": 2, "change_message": "[]"}}, {"model": "admin.logentry", "pk": 17, "fields": {"action_time": "2023-06-20T22:15:33.283Z", "user": 3, "content_type": 11, "object_id": "7", "object_repr": "Squad1", "action_flag": 3, "change_message": ""}}, {"model": "admin.logentry", "pk": 18, "fields": {"action_time": "2023-06-20T22:15:37.391Z", "user": 3, "content_type": 11, "object_id": "6", "object_repr": "Squad1", "action_flag": 3, "change_message": ""}}, {"model": "admin.logentry", "pk": 19, "fields": {"action_time": "2023-06-20T22:15:40.871Z", "user": 3, "content_type": 11, "object_id": "5", "object_repr": "Squad1", "action_flag": 3, "change_message": ""}}, {"model": "admin.logentry", "pk": 20, "fields": {"action_time": "2023-06-20T22:15:43.834Z", "user": 3, "content_type": 11, "object_id": "4", "object_repr": "Squad1", "action_flag": 3, "change_message": ""}}, {"model": "admin.logentry", "pk": 21, "fields": {"action_time": "2023-06-20T22:15:47.345Z", "user": 3, "content_type": 11, "object_id": "3", "object_repr": "Squad3", "action_flag": 3, "change_message": ""}}, {"model": "admin.logentry", "pk": 22, "fields": {"action_time": "2023-06-20T22:15:51.648Z", "user": 3, "content_type": 11, "object_id": "2", "object_repr": "Squad2", "action_flag": 3, "change_message": ""}}, {"model": "admin.logentry", "pk": 23, "fields": {"action_time": "2023-06-20T22:15:55.031Z", "user": 3, "content_type": 11, "object_id": "1", "object_repr": "Squad1", "action_flag": 3, "change_message": ""}}, {"model": "admin.logentry", "pk": 24, "fields": {"action_time": "2023-06-20T22:26:55.678Z", "user": 3, "content_type": 11, "object_id": "1", "object_repr": "Squad1", "action_flag": 1, "change_message": "[{\"added\": {}}]"}}, {"model": "sessions.session", "pk": "mvg5s40vxefvg16tyu8xnszbharcnmsn", "fields": {"session_data": ".eJxVjEEOwiAQRe_C2pACMyO6dO8ZyMCAVA1NSrsy3l2bdKHb_977LxV4XWpYe57DKOqsnDr8bpHTI7cNyJ3bbdJpass8Rr0peqddXyfJz8vu_h1U7vVbH5EkexFBLuSsoYgRkrEekDILFwNo0CQY8ERAkgYXrRSgVJzzBdT7A-hQN9A:1qBg19:4F8QfvT55dgMpXZgHJ5CDkfpYjmkOM_Q8ci45s2FkZs", "expire_date": "2023-07-04T18:23:51.962Z"}}, {"model": "sessions.session", "pk": "sfntnvm6e4kjbbbtfj0hhsuuenck9lzp", "fields": {"session_data": ".eJxVjEsOAiEUBO_C2hAYyGNw6d4zkIYHMmogmc_KeHedZBa67arqlwjY1hq2Jc9hYnEWRpx-t4j0yG0HfEe7dZl6W-cpyl2RB13ktXN-Xg7376Biqd8aRIVogB81OQYVZKOYUrGw0bmYfDbFQGke_KBzspSUAsONShkPI94f9XE4Iw:1qCiKY:zPx-FaxWed7gjV_iC49hfkqg0-AUnYRbj2f0jLUnuoI", "expire_date": "2023-07-07T15:04:10.736Z"}}, {"model": "sessions.session", "pk": "zf9rm4ekzjde5onmtrmc6t3kzn0hr4kc", "fields": {"session_data": ".eJxVjEEOwiAQRe_C2pACMyO6dO8ZyMCAVA1NSrsy3l2bdKHb_977LxV4XWpYe57DKOqsnDr8bpHTI7cNyJ3bbdJpass8Rr0peqddXyfJz8vu_h1U7vVbH5EkexFBLuSsoYgRkrEekDILFwNo0CQY8ERAkgYXrRSgVJzzBdT7A-hQN9A:1qBhiZ:ysXQkgovkCkYFacUo3sKrQ7aKYpzLdDgFGkQ1NgFPFY", "expire_date": "2023-07-04T20:12:47.876Z"}}, {"model": "user.user", "pk": 3, "fields": {"password": "pbkdf2_sha256$600000$3dpkzBSVY9OrIl3ilmF9l9$MoeJdrxumeaHTC+4Lwd0IGvFfTZxSR02v6ydrsczWF4=", "last_login": "2023-06-23T15:04:10.657Z", "is_superuser": true, "email": "cbaiel@mail.ru", "chat_id": "777079324", "username": "cholponklv", "date_birth": null, "photo": "", "phone_number": "+996501040300", "is_staff": true, "is_active": true, "data_joined": "2023-06-19T17:14:41.803Z", "balance": "0.00", "groups": [], "user_permissions": [], "favourites": []}}, {"model": "user.user", "pk": 4, "fields": {"password": "pbkdf2_sha256$600000$qXsI901wnwpJBchtGHj6mu$nKuolhjmQITu6CXUk7x4zru3RgBpJ+EIQLnmLS99qXM=", "last_login": null, "is_superuser": true, "email": "jaku@mail.ru", "chat_id": "1126651916", "username": "jaku", "date_birth": null, "photo": "", "phone_number": "+996501030200", "is_staff": true, "is_active": true, "data_joined": "2023-06-19T17:16:11.485Z", "balance": "0.00", "groups": [], "user_permissions": [], "favourites": []}}, {"model": "user.user", "pk": 5, "fields": {"password": "begemot2505", "last_login": null, "is_superuser": false, "email": "casdfas@mail.ru", "chat_id": "23456", "username": "teacher", "date_birth": null, "photo": "", "phone_number": "+996501040301", "is_staff": false, "is_active": true, "data_joined": "2023-06-19T17:18:39.801Z", "balance": "0.00", "groups": [], "user_permissions": [], "favourites": []}}, {"model": "user.user", "pk": 6, "fields": {"password": "begemot2505", "last_login": null, "is_superuser": false, "email": "sdfafd@mail.ru", "chat_id": "345234", "username": "pongo", "date_birth": null, "photo": "", "phone_number": "+996501040302", "is_staff": false, "is_active": true, "data_joined": "2023-06-19T17:19:23.344Z", "balance": "0.00", "groups": [], "user_permissions": [], "favourites": []}}, {"model": "user.user", "pk": 7, "fields": {"password": "pbkdf2_sha256$600000$AbLtLSBTF0B35G6OxfWrD2$OZlJavPK2+QQPg0PegJGjtN/XbgdESYvqgzWbEzaUl4=", "last_login": null, "is_superuser": false, "email": "ewrqfe@mail.ru", "chat_id": "324453", "username": "test1", "date_birth": null, "photo": "", "phone_number": "+996501040201", "is_staff": false, "is_active": true, "data_joined": "2023-06-19T17:26:59.453Z", "balance": "0.00", "groups": [], "user_permissions": [], "favourites": []}}, {"model": "user.user", "pk": 8, "fields": {"password": "pbkdf2_sha256$600000$N8VL0SJm2Dh15Fq2aXLnwq$qj+xl7s/D4aQHvNyY+aBWGVcSKwafq5RNMNEn9nT4l0=", "last_login": null, "is_superuser": false, "email": "unuds@mail.ru", "chat_id": "34521", "username": "johnweek", "date_birth": null, "photo": "", "phone_number": "+996501040100", "is_staff": false, "is_active": true, "data_joined": "2023-06-20T12:29:44.964Z", "balance": "0.00", "groups": [], "user_permissions": [], "favourites": []}}, {"model": "authtoken.token", "pk": "5c4d4bb42c0d11f21af4f57d5eb895e0f143ddcc", "fields": {"user": 8, "created": "2023-06-20T12:30:51.844Z"}}, {"model": "authtoken.token", "pk": "70b38d92122f8f9195ba29ec108bc319a18956b1", "fields": {"user": 3, "created": "2023-06-19T17:20:39.109Z"}}, {"model": "authtoken.token", "pk": "bf68c3d5d429c52730a9d51b297e5ba0d87b9cd2", "fields": {"user": 7, "created": "2023-06-19T17:29:36.993Z"}}, {"model": "authtoken.token", "pk": "c30791835be09a5abbb3d926214b9863f8110fc0", "fields": {"user": 4, "created": "2023-06-20T07:03:07.104Z"}}, {"model": "game.hero", "pk": 1, "fields": {"name": "Anti-Mage", "describe": "['Carry', 'Escape', 'Nuker']", "power": 2}}, {"model": "game.hero", "pk": 2, "fields": {"name": "Axe", "describe": "['Initiator', 'Durable', 'Disabler', 'Carry']", "power": 2}}, {"model": "game.hero", "pk": 3, "fields": {"name": "Bane", "describe": "['Support', 'Disabler', 'Nuker', 'Durable']", "power": 4}}, {"model": "game.hero", "pk": 4, "fields": {"name": "Bloodseeker", "describe": "['Carry', 'Disabler', 'Nuker', 'Initiator']", "power": 2}}, {"model": "game.hero", "pk": 5, "fields": {"name": "Crystal Maiden", "describe": "['Support', 'Disabler', 'Nuker']", "power": 2}}, {"model": "game.hero", "pk": 6, "fields": {"name": "Drow Ranger", "describe": "['Carry', 'Disabler', 'Pusher']", "power": 2}}, {"model": "game.hero", "pk": 7, "fields": {"name": "Earthshaker", "describe": "['Support', 'Initiator', 'Disabler', 'Nuker']", "power": 2}}, {"model": "game.hero", "pk": 8, "fields": {"name": "Juggernaut", "describe": "['Carry', 'Pusher', 'Escape']", "power": 2}}, {"model": "game.hero", "pk": 9, "fields": {"name": "Mirana", "describe": "['Carry', 'Support', 'Escape', 'Nuker', 'Disabler']", "power": 2}}, {"model": "game.hero", "pk": 10, "fields": {"name": "Morphling", "describe": "['Carry', 'Escape', 'Durable', 'Nuker', 'Disabler']", "power": 0}}, {"model": "game.hero", "pk": 11, "fields": {"name": "Shadow Fiend", "describe": "['Carry', 'Nuker']", "power": 0}}, {"model": "game.hero", "pk": 12, "fields": {"name": "Phantom Lancer", "describe": "['Carry', 'Escape', 'Pusher', 'Nuker']", "power": 2}}, {"model": "game.hero", "pk": 13, "fields": {"name": "Puck", "describe": "['Initiator', 'Disabler', 'Escape', 'Nuker']", "power": 2}}, {"model": "game.hero", "pk": 14, "fields": {"name": "Pudge", "describe": "['Disabler', 'Initiator', 'Durable', 'Nuker']", "power": 2}}, {"model": "game.hero", "pk": 15, "fields": {"name": "Razor", "describe": "['Carry', 'Durable', 'Nuker', 'Pusher']", "power": 0}}, {"model": "game.hero", "pk": 16, "fields": {"name": "Sand King", "describe": "['Initiator', 'Disabler', 'Support', 'Nuker', 'Escape']", "power": 6}}, {"model": "game.hero", "pk": 17, "fields": {"name": "Storm Spirit", "describe": "['Carry', 'Escape', 'Nuker', 'Initiator', 'Disabler']", "power": 2}}, {"model": "game.hero", "pk": 18, "fields": {"name": "Sven", "describe": "['Carry', 'Disabler', 'Initiator', 'Durable', 'Nuker']", "power": 2}}, {"model": "game.hero", "pk": 19, "fields": {"name": "Tiny", "describe": "['Carry', 'Nuker', 'Pusher', 'Initiator', 'Durable', 'Disabler']", "power": 2}}, {"model": "game.hero", "pk": 20, "fields": {"name": "Vengeful Spirit", "describe": "['Support', 'Initiator', 'Disabler', 'Nuker', 'Escape']", "power": 2}}, {"model": "game.hero", "pk": 21, "fields": {"name": "Windranger", "describe": "['Carry', 'Support', 'Disabler', 'Escape', 'Nuker']", "power": 2}}, {"model": "game.hero", "pk": 22, "fields": {"name": "Zeus", "describe": "['Nuker', 'Carry']", "power": 2}}, {"model": "game.hero", "pk": 23, "fields": {"name": "Kunkka", "describe": "['Carry', 'Support', 'Disabler', 'Initiator', 'Durable', 'Nuker']", "power": 2}}, {"model": "game.hero", "pk": 24, "fields": {"name": "Lina", "describe": "['Support', 'Carry', 'Nuker', 'Disabler']", "power": 2}}, {"model": "game.hero", "pk": 25, "fields": {"name": "Lion", "describe": "['Support', 'Disabler', 'Nuker', 'Initiator']", "power": 2}}, {"model": "game.hero", "pk": 26, "fields": {"name": "Shadow Shaman", "describe": "['Support', 'Pusher', 'Disabler', 'Nuker', 'Initiator']", "power": 2}}, {"model": "game.hero", "pk": 27, "fields": {"name": "Slardar", "describe": "['Carry', 'Durable', 'Initiator', 'Disabler', 'Escape']", "power": 0}}, {"model": "game.hero", "pk": 28, "fields": {"name": "Tidehunter", "describe": "['Initiator', 'Durable', 'Disabler', 'Nuker', 'Carry']", "power": 2}}, {"model": "game.hero", "pk": 29, "fields": {"name": "Witch Doctor", "describe": "['Support', 'Nuker', 'Disabler']", "power": 2}}, {"model": "game.hero", "pk": 30, "fields": {"name": "Lich", "describe": "['Support', 'Nuker']", "power": 2}}, {"model": "game.hero", "pk": 31, "fields": {"name": "Riki", "describe": "['Carry', 'Escape', 'Disabler']", "power": 2}}, {"model": "game.hero", "pk": 32, "fields": {"name": "Enigma", "describe": "['Disabler', 'Initiator', 'Pusher']", "power": 0}}, {"model": "game.hero", "pk": 33, "fields": {"name": "Tinker", "describe": "['Carry', 'Nuker', 'Pusher']", "power": 2}}, {"model": "game.hero", "pk": 34, "fields": {"name": "Sniper", "describe": "['Carry', 'Nuker']", "power": 2}}, {"model": "game.hero", "pk": 35, "fields": {"name": "Necrophos", "describe": "['Carry', 'Nuker', 'Durable', 'Disabler']", "power": 2}}, {"model": "game.hero", "pk": 36, "fields": {"name": "Warlock", "describe": "['Support', 'Initiator', 'Disabler']", "power": 2}}, {"model": "game.hero", "pk": 37, "fields": {"name": "Beastmaster", "describe": "['Initiator', 'Disabler', 'Durable', 'Nuker']", "power": 2}}, {"model": "game.hero", "pk": 38, "fields": {"name": "Queen of Pain", "describe": "['Carry', 'Nuker', 'Escape']", "power": 2}}, {"model": "game.hero", "pk": 39, "fields": {"name": "Venomancer", "describe": "['Support', 'Nuker', 'Initiator', 'Pusher', 'Disabler']", "power": 0}}, {"model": "game.hero", "pk": 40, "fields": {"name": "Faceless Void", "describe": "['Carry', 'Initiator', 'Disabler', 'Escape', 'Durable']", "power": 2}}, {"model": "game.hero", "pk": 41, "fields": {"name": "Wraith King", "describe": "['Carry', 'Support', 'Durable', 'Disabler', 'Initiator']", "power": 2}}, {"model": "game.hero", "pk": 42, "fields": {"name": "Death Prophet", "describe": "['Carry', 'Pusher', 'Nuker', 'Disabler']", "power": 2}}, {"model": "game.hero", "pk": 43, "fields": {"name": "Phantom Assassin", "describe": "['Carry', 'Escape']", "power": 2}}, {"model": "game.hero", "pk": 44, "fields": {"name": "Pugna", "describe": "['Nuker', 'Pusher']", "power": 2}}, {"model": "game.hero", "pk": 45, "fields": {"name": "Templar Assassin", "describe": "['Carry', 'Escape']", "power": 2}}, {"model": "game.hero", "pk": 46, "fields": {"name": "Viper", "describe": "['Carry', 'Durable', 'Initiator', 'Disabler']", "power": 0}}, {"model": "game.hero", "pk": 47, "fields": {"name": "Luna", "describe": "['Carry', 'Nuker', 'Pusher']", "power": 2}}, {"model": "game.hero", "pk": 48, "fields": {"name": "Dragon Knight", "describe": "['Carry', 'Pusher', 'Durable', 'Disabler', 'Initiator', 'Nuker']", "power": 2}}, {"model": "game.hero", "pk": 49, "fields": {"name": "Dazzle", "describe": "['Support', 'Nuker', 'Disabler']", "power": 2}}, {"model": "game.hero", "pk": 50, "fields": {"name": "Clockwerk", "describe": "['Initiator', 'Disabler', 'Durable', 'Nuker']", "power": 2}}, {"model": "game.hero", "pk": 51, "fields": {"name": "Leshrac", "describe": "['Carry', 'Support', 'Nuker', 'Pusher', 'Disabler']", "power": 4}}, {"model": "game.hero", "pk": 52, "fields": {"name": "Nature's Prophet", "describe": "['Carry', 'Pusher', 'Escape', 'Nuker']", "power": 2}}, {"model": "game.hero", "pk": 53, "fields": {"name": "Lifestealer", "describe": "['Carry', 'Durable', 'Escape', 'Disabler']", "power": 2}}, {"model": "game.hero", "pk": 54, "fields": {"name": "Dark Seer", "describe": "['Initiator', 'Escape', 'Disabler']", "power": 2}}, {"model": "game.hero", "pk": 55, "fields": {"name": "Clinkz", "describe": "['Carry', 'Escape', 'Pusher']", "power": 2}}, {"model": "game.hero", "pk": 56, "fields": {"name": "Omniknight", "describe": "['Support', 'Durable', 'Nuker']", "power": 2}}, {"model": "game.hero", "pk": 57, "fields": {"name": "Enchantress", "describe": "['Support', 'Pusher', 'Durable', 'Disabler']", "power": 4}}, {"model": "game.hero", "pk": 58, "fields": {"name": "Huskar", "describe": "['Carry', 'Durable', 'Initiator']", "power": 2}}, {"model": "game.hero", "pk": 59, "fields": {"name": "Night Stalker", "describe": "['Carry', 'Initiator', 'Durable', 'Disabler', 'Nuker']", "power": 2}}, {"model": "game.hero", "pk": 60, "fields": {"name": "Broodmother", "describe": "['Carry', 'Pusher', 'Escape', 'Nuker']", "power": 8}}, {"model": "game.hero", "pk": 61, "fields": {"name": "Bounty Hunter", "describe": "['Escape', 'Nuker']", "power": 2}}, {"model": "game.hero", "pk": 62, "fields": {"name": "Weaver", "describe": "['Carry', 'Escape']", "power": 4}}, {"model": "game.hero", "pk": 63, "fields": {"name": "Jakiro", "describe": "['Support', 'Nuker', 'Pusher', 'Disabler']", "power": 2}}, {"model": "game.hero", "pk": 64, "fields": {"name": "Batrider", "describe": "['Initiator', 'Disabler', 'Escape']", "power": 2}}, {"model": "game.hero", "pk": 65, "fields": {"name": "Chen", "describe": "['Support', 'Pusher']", "power": 2}}, {"model": "game.hero", "pk": 66, "fields": {"name": "Spectre", "describe": "['Carry', 'Durable', 'Escape']", "power": 0}}, {"model": "game.hero", "pk": 67, "fields": {"name": "Ancient Apparition", "describe": "['Support', 'Disabler', 'Nuker']", "power": 0}}, {"model": "game.hero", "pk": 68, "fields": {"name": "Doom", "describe": "['Carry', 'Disabler', 'Initiator', 'Durable', 'Nuker']", "power": 2}}, {"model": "game.hero", "pk": 69, "fields": {"name": "Ursa", "describe": "['Carry', 'Durable', 'Disabler']", "power": 2}}, {"model": "game.hero", "pk": 70, "fields": {"name": "Spirit Breaker", "describe": "['Carry', 'Initiator', 'Disabler', 'Durable', 'Escape']", "power": 2}}, {"model": "game.hero", "pk": 71, "fields": {"name": "Gyrocopter", "describe": "['Carry', 'Nuker', 'Disabler']", "power": 2}}, {"model": "game.hero", "pk": 72, "fields": {"name": "Alchemist", "describe": "['Carry', 'Support', 'Durable', 'Disabler', 'Initiator', 'Nuker']", "power": 2}}, {"model": "game.hero", "pk": 73, "fields": {"name": "Invoker", "describe": "['Carry', 'Nuker', 'Disabler', 'Escape', 'Pusher']", "power": 2}}, {"model": "game.hero", "pk": 74, "fields": {"name": "Silencer", "describe": "['Carry', 'Support', 'Disabler', 'Initiator', 'Nuker']", "power": 2}}, {"model": "game.hero", "pk": 75, "fields": {"name": "Outworld Destroyer", "describe": "['Carry', 'Nuker', 'Disabler']", "power": 4}}, {"model": "game.hero", "pk": 76, "fields": {"name": "Lycan", "describe": "['Carry', 'Pusher', 'Durable', 'Escape']", "power": 2}}, {"model": "game.hero", "pk": 77, "fields": {"name": "Brewmaster", "describe": "['Carry', 'Initiator', 'Durable', 'Disabler', 'Nuker']", "power": 2}}, {"model": "game.hero", "pk": 78, "fields": {"name": "Shadow Demon", "describe": "['Support', 'Disabler', 'Initiator', 'Nuker']", "power": 2}}, {"model": "game.hero", "pk": 79, "fields": {"name": "Lone Druid", "describe": "['Carry', 'Pusher', 'Durable']", "power": 2}}, {"model": "game.hero", "pk": 80, "fields": {"name": "Chaos Knight", "describe": "['Carry', 'Disabler', 'Durable', 'Pusher', 'Initiator']", "power": 2}}, {"model": "game.hero", "pk": 81, "fields": {"name": "Meepo", "describe": "['Carry', 'Escape', 'Nuker', 'Disabler', 'Initiator', 'Pusher']", "power": 2}}, {"model": "game.hero", "pk": 82, "fields": {"name": "Treant Protector", "describe": "['Support', 'Initiator', 'Durable', 'Disabler', 'Escape']", "power": 2}}, {"model": "game.hero", "pk": 83, "fields": {"name": "Ogre Magi", "describe": "['Support', 'Nuker', 'Disabler', 'Durable', 'Initiator']", "power": 2}}, {"model": "game.hero", "pk": 84, "fields": {"name": "Undying", "describe": "['Support', 'Durable', 'Disabler', 'Nuker']", "power": 2}}, {"model": "game.hero", "pk": 85, "fields": {"name": "Rubick", "describe": "['Support', 'Disabler', 'Nuker']", "power": 2}}, {"model": "game.hero", "pk": 86, "fields": {"name": "Disruptor", "describe": "['Support', 'Disabler', 'Nuker', 'Initiator']", "power": 2}}, {"model": "game.hero", "pk": 87, "fields": {"name": "Nyx Assassin", "describe": "['Disabler', 'Nuker', 'Initiator', 'Escape']", "power": 6}}, {"model": "game.hero", "pk": 88, "fields": {"name": "Naga Siren", "describe": "['Carry', 'Support', 'Pusher', 'Disabler', 'Initiator', 'Escape']", "power": 0}}, {"model": "game.hero", "pk": 89, "fields": {"name": "Keeper of the Light", "describe": "['Support', 'Nuker', 'Disabler']", "power": 2}}, {"model": "game.hero", "pk": 90, "fields": {"name": "Io", "describe": "['Support', 'Escape', 'Nuker']", "power": 0}}, {"model": "game.hero", "pk": 91, "fields": {"name": "Visage", "describe": "['Support', 'Nuker', 'Durable', 'Disabler', 'Pusher']", "power": 2}}, {"model": "game.hero", "pk": 92, "fields": {"name": "Slark", "describe": "['Carry', 'Escape', 'Disabler', 'Nuker']", "power": 2}}, {"model": "game.hero", "pk": 93, "fields": {"name": "Medusa", "describe": "['Carry', 'Disabler', 'Durable']", "power": 0}}, {"model": "game.hero", "pk": 94, "fields": {"name": "Troll Warlord", "describe": "['Carry', 'Pusher', 'Disabler', 'Durable']", "power": 2}}, {"model": "game.hero", "pk": 95, "fields": {"name": "Centaur Warrunner", "describe": "['Durable', 'Initiator', 'Disabler', 'Nuker', 'Escape']", "power": 4}}, {"model": "game.hero", "pk": 96, "fields": {"name": "Magnus", "describe": "['Initiator', 'Disabler', 'Nuker', 'Escape']", "power": 4}}, {"model": "game.hero", "pk": 97, "fields": {"name": "Timbersaw", "describe": "['Nuker', 'Durable', 'Escape']", "power": 2}}, {"model": "game.hero", "pk": 98, "fields": {"name": "Bristleback", "describe": "['Carry', 'Durable', 'Initiator', 'Nuker']", "power": 2}}, {"model": "game.hero", "pk": 99, "fields": {"name": "Tusk", "describe": "['Initiator', 'Disabler', 'Nuker']", "power": 2}}, {"model": "game.hero", "pk": 100, "fields": {"name": "Skywrath Mage", "describe": "['Support', 'Nuker', 'Disabler']", "power": 2}}, {"model": "game.hero", "pk": 101, "fields": {"name": "Abaddon", "describe": "['Support', 'Carry', 'Durable']", "power": 2}}, {"model": "game.hero", "pk": 102, "fields": {"name": "Elder Titan", "describe": "['Initiator', 'Disabler', 'Nuker', 'Durable']", "power": 2}}, {"model": "game.hero", "pk": 103, "fields": {"name": "Legion Commander", "describe": "['Carry', 'Disabler', 'Initiator', 'Durable', 'Nuker']", "power": 2}}, {"model": "game.hero", "pk": 104, "fields": {"name": "Techies", "describe": "['Nuker', 'Disabler']", "power": 6}}, {"model": "game.hero", "pk": 105, "fields": {"name": "Ember Spirit", "describe": "['Carry', 'Escape', 'Nuker', 'Disabler', 'Initiator']", "power": 2}}, {"model": "game.hero", "pk": 106, "fields": {"name": "Earth Spirit", "describe": "['Nuker', 'Escape', 'Disabler', 'Initiator', 'Durable']", "power": 2}}, {"model": "game.hero", "pk": 107, "fields": {"name": "Underlord", "describe": "['Support', 'Nuker', 'Disabler', 'Durable', 'Escape']", "power": 2}}, {"model": "game.hero", "pk": 108, "fields": {"name": "Terrorblade", "describe": "['Carry', 'Pusher', 'Nuker']", "power": 2}}, {"model": "game.hero", "pk": 109, "fields": {"name": "Phoenix", "describe": "['Support', 'Nuker', 'Initiator', 'Escape', 'Disabler']", "power": 2}}, {"model": "game.hero", "pk": 110, "fields": {"name": "Oracle", "describe": "['Support', 'Nuker', 'Disabler', 'Escape']", "power": 0}}, {"model": "game.hero", "pk": 111, "fields": {"name": "Winter Wyvern", "describe": "['Support', 'Disabler', 'Nuker']", "power": 2}}, {"model": "game.hero", "pk": 112, "fields": {"name": "Arc Warden", "describe": "['Carry', 'Escape', 'Nuker']", "power": 2}}, {"model": "game.hero", "pk": 113, "fields": {"name": "Monkey King", "describe": "['Carry', 'Escape', 'Disabler', 'Initiator']", "power": 2}}, {"model": "game.hero", "pk": 114, "fields": {"name": "Dark Willow", "describe": "['Support', 'Nuker', 'Disabler', 'Escape']", "power": 2}}, {"model": "game.hero", "pk": 115, "fields": {"name": "Pangolier", "describe": "['Carry', 'Nuker', 'Disabler', 'Durable', 'Escape', 'Initiator']", "power": 2}}, {"model": "game.hero", "pk": 116, "fields": {"name": "Grimstroke", "describe": "['Support', 'Nuker', 'Disabler', 'Escape']", "power": 0}}, {"model": "game.hero", "pk": 117, "fields": {"name": "Hoodwink", "describe": "['Support', 'Nuker', 'Escape', 'Disabler']", "power": 4}}, {"model": "game.hero", "pk": 118, "fields": {"name": "Void Spirit", "describe": "['Carry', 'Escape', 'Nuker', 'Disabler']", "power": 2}}, {"model": "game.hero", "pk": 119, "fields": {"name": "Snapfire", "describe": "['Support', 'Nuker', 'Disabler', 'Escape']", "power": 2}}, {"model": "game.hero", "pk": 120, "fields": {"name": "Mars", "describe": "['Carry', 'Initiator', 'Disabler', 'Durable']", "power": 2}}, {"model": "game.hero", "pk": 121, "fields": {"name": "Dawnbreaker", "describe": "['Carry', 'Durable']", "power": 2}}, {"model": "game.hero", "pk": 122, "fields": {"name": "Marci", "describe": "['Support', 'Carry', 'Initiator', 'Disabler', 'Escape']", "power": 2}}, {"model": "game.hero", "pk": 123, "fields": {"name": "Primal Beast", "describe": "['Initiator', 'Durable', 'Disabler']", "power": 2}}, {"model": "game.hero", "pk": 124, "fields": {"name": "Muerta", "describe": "['Carry', 'Nuker', 'Disabler']", "power": 2}}, {"model": "game.map", "pk": 1, "fields": {"name": "Moon", "describe": "Moon like a Sun"}}, {"model": "game.map", "pk": 2, "fields": {"name": "Sun", "describe": "Sun like a Moon"}}, {"model": "game.team", "pk": 6, "fields": {"name": "Squad6", "user": 5, "amount": 2, "total_power": 4}}, {"model": "game.team", "pk": 8, "fields": {"name": "Squad8", "user": 5, "amount": 2, "total_power": 4}}, {"model": "game.team", "pk": 9, "fields": {"name": "Squad9", "user": 5, "amount": 3, "total_power": 6}}, {"model": "game.team", "pk": 10, "fields": {"name": "Squad10", "user": 5, "amount": 3, "total_power": 6}}, {"model": "game.team", "pk": 11, "fields": {"name": "Squad11", "user": 5, "amount": 3, "total_power": 6}}, {"model": "game.team", "pk": 12, "fields": {"name": "Squad12", "user": 5, "amount": 3, "total_power": 6}}, {"model": "game.team", "pk": 13, "fields": {"name": "Squad13", "user": 5, "amount": 3, "total_power": 6}}, {"model": "game.team", "pk": 14, "fields": {"name": "Squad1", "user": 5, "amount": 2, "total_power": 4}}, {"model": "game.team", "pk": 15, "fields": {"name": "Squad2", "user": 5, "amount": 2, "total_power": 4}}, {"model": "game.team", "pk": 16, "fields": {"name": "Squad3", "user": 5, "amount": 2, "total_power": 4}}, {"model": "game.team", "pk": 22, "fields": {"name": "Squad4", "user": 3, "amount": 2, "total_power": 4}}, {"model": "game.heroteam", "pk": 15, "fields": {"team": 6, "hero": 2, "is_captain": true}}, {"model": "game.heroteam", "pk": 16, "fields": {"team": 6, "hero": 12, "is_captain": false}}, {"model": "game.heroteam", "pk": 17, "fields": {"team": 8, "hero": 2, "is_captain": true}}, {"model": "game.heroteam", "pk": 18, "fields": {"team": 8, "hero": 12, "is_captain": false}}, {"model": "game.heroteam", "pk": 19, "fields": {"team": 9, "hero": 24, "is_captain": true}}, {"model": "game.heroteam", "pk": 20, "fields": {"team": 9, "hero": 12, "is_captain": false}}, {"model": "game.heroteam", "pk": 21, "fields": {"team": 9, "hero": 14, "is_captain": false}}, {"model": "game.heroteam", "pk": 22, "fields": {"team": 10, "hero": 24, "is_captain": true}}, {"model": "game.heroteam", "pk": 23, "fields": {"team": 10, "hero": 12, "is_captain": false}}, {"model": "game.heroteam", "pk": 24, "fields": {"team": 10, "hero": 14, "is_captain": false}}, {"model": "game.heroteam", "pk": 31, "fields": {"team": 11, "hero": 21, "is_captain": true}}, {"model": "game.heroteam", "pk": 32, "fields": {"team": 11, "hero": 12, "is_captain": false}}, {"model": "game.heroteam", "pk": 33, "fields": {"team": 11, "hero": 14, "is_captain": false}}, {"model": "game.heroteam", "pk": 34, "fields": {"team": 12, "hero": 21, "is_captain": true}}, {"model": "game.heroteam", "pk": 35, "fields": {"team": 12, "hero": 12, "is_captain": false}}, {"model": "game.heroteam", "pk": 36, "fields": {"team": 12, "hero": 14, "is_captain": false}}, {"model": "game.heroteam", "pk": 37, "fields": {"team": 13, "hero": 21, "is_captain": true}}, {"model": "game.heroteam", "pk": 38, "fields": {"team": 13, "hero": 12, "is_captain": false}}, {"model": "game.heroteam", "pk": 39, "fields": {"team": 13, "hero": 14, "is_captain": false}}, {"model": "game.heroteam", "pk": 40, "fields": {"team": 14, "hero": 2, "is_captain": true}}, {"model": "game.heroteam", "pk": 41, "fields": {"team": 14, "hero": 12, "is_captain": false}}, {"model": "game.heroteam", "pk": 42, "fields": {"team": 15, "hero": 2, "is_captain": true}}, {"model": "game.heroteam", "pk": 43, "fields": {"team": 15, "hero": 12, "is_captain": false}}, {"model": "game.heroteam", "pk": 44, "fields": {"team": 16, "hero": 2, "is_captain": true}}, {"model": "game.heroteam", "pk": 45, "fields": {"team": 16, "hero": 12, "is_captain": false}}, {"model": "game.heroteam", "pk": 57, "fields": {"team": 22, "hero": 14, "is_captain": true}}, {"model": "game.heroteam", "pk": 58, "fields": {"team": 22, "hero": 12, "is_captain": false}}]